{
  "timestamp": "2025-12-02T20:05:15.486103",
  "n_cases": 515,
  "methods": {
    "kmeans": {
      "jaccard_overlap": {
        "mean": 0.0,
        "std": 0.0
      },
      "ari": {
        "mean": 0.9337688516976012,
        "std": 0.06492204733379882,
        "scores": [
          1.0,
          0.8656471406611094,
          1.0,
          1.0,
          0.869337762249429,
          0.8622900483869568,
          1.0,
          1.0,
          0.9833311887049673,
          0.8685570624578689,
          1.0,
          1.0,
          0.8730065335149051,
          0.8586378256810042,
          1.0,
          1.0,
          0.9819783886885588,
          0.867031648840898,
          0.8853050514779989,
          0.9810147075220436,
          0.9745500443812598,
          0.8726162350455001,
          0.865099435230972,
          0.8605307458482332,
          1.0,
          0.8661735073967832,
          0.8524913052752787,
          1.0,
          1.0,
          0.9811486086646923,
          0.8753432661802671,
          0.8628640067128683,
          1.0,
          1.0,
          0.9837645683691646,
          1.0,
          0.8760270132582453,
          0.871399120814639,
          0.8543583087312676,
          0.8567094910565765,
          0.8634630515053403,
          0.8394271787215022,
          1.0,
          0.9799768608436347,
          0.9875182201700908
        ]
      },
      "silhouette": {
        "mean": 0.7765828231616916,
        "std": 0.0,
        "scores": [
          0.7765828231616916
        ]
      },
      "davies_bouldin": {
        "mean": 0.4223078524029142,
        "std": 0.0,
        "scores": [
          0.4223078524029142
        ]
      }
    },
    "dbscan": {
      "jaccard_overlap": {
        "mean": 0.0,
        "std": 0.0
      },
      "ari": {
        "mean": 1.0,
        "std": 0.0,
        "scores": [
          1.0,
          1.0,
          1.0,
          1.0,
          1.0,
          1.0,
          1.0,
          1.0,
          1.0,
          1.0,
          1.0,
          1.0,
          1.0,
          1.0,
          1.0,
          1.0,
          1.0,
          1.0,
          1.0,
          1.0,
          1.0,
          1.0,
          1.0,
          1.0,
          1.0,
          1.0,
          1.0,
          1.0,
          1.0,
          1.0,
          1.0,
          1.0,
          1.0,
          1.0,
          1.0,
          1.0,
          1.0,
          1.0,
          1.0,
          1.0,
          1.0,
          1.0,
          1.0,
          1.0,
          1.0
        ]
      },
      "silhouette": {
        "mean": 0.9660226024098189,
        "std": 0.0,
        "scores": [
          0.9660226024098189
        ]
      },
      "davies_bouldin": {
        "mean": 0.05208042888557988,
        "std": 0.0,
        "scores": [
          0.05208042888557988
        ]
      }
    },
    "kde": {
      "jaccard_overlap": {
        "mean": 0.916821955616733,
        "std": 0.0
      },
      "ari": {
        "mean": null,
        "std": null,
        "scores": []
      },
      "silhouette": {
        "mean": null,
        "std": null,
        "scores": []
      },
      "davies_bouldin": {
        "mean": null,
        "std": null,
        "scores": []
      }
    }
  }
}